id,"partid","size","time"
1,"p0bsq4m18n","57","27188"
2,"pqh0a40b2a","22","8946"
3,"ptqtu2doa0","19","9432"
4,"pvhskq4s3u","20","10807"
5,"p497cn32q0","41","13737"
6,"pqk04quhs0","23","15371"
7,"pn0skapa6g","18","11618"
8,"p0b51o7qmr","20","14894"
9,"p71s990p72","16","5865"
10,"p6dmjfib30","25","33585"
11,"p6c2cvue6n","27","7563"
12,"p01na4rhdm","28","10347"
13,"pul13keuls","17","20037"
14,"pa706ano51","42","12315"
15,"p541quhi8d","33","13787"
16,"p1plt7p642","35","14486"
17,"pf5a8b7j9h","22","13253"
18,"pig2n9d3rp","40","20933"
19,"poo90upiv7","28","27059"
20,"pru2esdmf3","21","14475"
21,"p513q9b31f","56","19910"
22,"pd5dmjd9lj","49","29563"
23,"pbjofj6u5d","35","10078"
24,"p6vgj8j47e","27","12385"
25,"p9clda2tqo","15","7548"
26,"pe65t0jkjp","41","17248"
27,"pro129vh92","20","27464"
28,"p8lu8afsvd","32","7534"
29,"pjpjok0rgp","22","17947"
30,"p6te8k4lv3","29","10323"
31,"p44mlpcodf","25","19431"
32,"p98sr2rm1c","26","6096"
33,"potdg4sq11","25","14983"
34,"p5bromsu8c","34","10008"
35,"pkde4f0mf8","16","22420"
36,"p9ehuu7pm3","37","9764"
37,"pjo7jhtop6","14","6971"
38,"pld7i21cc4","12","7675"
39,"pvqatr99fs","25","16851"
40,"pmburr2gfa","33","16487"
41,"p6t53uthdf","25","25208"
42,"pq6o312jin","42","10387"
43,"phht84hjos","30","9190"
44,"povvpii4dt","31","18394"
45,"pchqm0ghk5","23","11070"
46,"pij32af8h3","12","17963"
47,"p6me4o7rkg","20","9735"
48,"phverm18oo","18","8332"
49,"pv9ctacbi5","64","12668"
50,"p7017dro0l","45","12519"
51,"p3hikhm3tk","64","30073"
52,"pd06im8fjg","31","11264"
53,"po4sspvsrm","51","29376"
54,"pu8cl6ikfo","21","15467"
55,"plvpclq88q","40","18716"
56,"pr5maep7rv","20","14269"
57,"phpk7odsfu","20","11520"
58,"p73l4009vr","39","27535"
59,"pvd1fom18l","27","223244"
60,"pqa0rdrj4o","26","7991"
61,"p1un37nagi","26","9065"
62,"p2lgn1v5oh","42","10859"
63,"p8378jjl8i","25","19768"
64,"pi9dg6b7gi","30","7672"
65,"p9ppntj1q9","25","16678"
66,"prtu7f1ehg","25","10707"
67,"ploioja4c4","16","15456"
68,"p3h8qvps9e","21","12982"
69,"p6gd12kat1","36","10294"
70,"pmatinv1as","20","10851"
71,"p2sjgcedoi","42","26603"
72,"pse0nm7hu9","20","10955"
73,"plua2fs49l","36","29978"
74,"pfhss5lfev","26","13737"
75,"pm29tidlg8","24","53746"
76,"p3amd29mc0","23","13532"
77,"p3lf90su4e","35","9933"
78,"p7n5pmr96k","21","10938"
79,"pmed09f63i","28","12593"
80,"pubb288r77","30","7753"
81,"p0k93tfsv4","30","16331"
82,"p7mh5omcb7","20","17352"
83,"plrbt4dudu","40","12519"
84,"pu9bj004m0","22","29931"
85,"pcpvuare1q","38","15675"
86,"pjfq0p7baa","42","10906"
87,"pnpunvdb4o","33","12618"
88,"pbcgofmj9q","25","9910"
89,"po4aj9j1v6","33","9997"
90,"pspkd94r7m","34","12054"
91,"pspkd94r7m","34","9557"
92,"pc36g6gpk9","30","24150"
93,"pu5tsq87ao","64","18778"
94,"p1ah7u2g56","23","20422"
95,"p1o06oe1de","25","10661"
96,"pjbc976m1d","32","19233"
97,"p21kbvvmfc","26","8677"
98,"pbdpldpj73","27","21979"
99,"poorvvdi41","26","29832"
100,"pa7t5e20n4","26","15463"
101,"pl5sma6eb7","24","8139"
102,"pbs523t724","18","11226"
103,"pobpsb5ohp","19","10192"
104,"ptnulohtrd","22","14480"
105,"pvsgvkg69g","28","12227"
106,"pm6ik277un","30","7600"
107,"ph18v6t8tc","30","13565"
108,"pta4p4cmm2","21","28766"
109,"p2gml4hphb","27","22093"
110,"puusfjf3d9","31","31785"
111,"poj79idcf0","10","113604"
112,"pfg8okhn71","25","12083"
113,"pbpefv3ks8","20","12438"
114,"pei5arja54","25","13713"
115,"phsh405le5","29","11635"
116,"pet87fmvcr","28","8793"
117,"pjvjpu78k8","43","9165"
118,"pv2du6qjp3","17","10116"
119,"pp2rfput4o","23","6317"
120,"p6plqnfn40","24","7345"
121,"poq7tt5vdc","64","17594"
122,"p2c0gce542","28","9757"
123,"p7djp63q4a","26","47685"
124,"plogptsmmh","64","5366"
125,"p66pkrah30","37","14472"
126,"prbmblmne0","30","20312"
127,"p6nsqi5atj","52","62785"
128,"pj09e7mhg0","30","9726"
129,"p2me0e8isk","50","16394"
130,"paomarumjs","28","25148"
131,"pjh96rd0hv","25","12522"
132,"pt84g92e6n","15","5948"
133,"ps4phe4v84","25","13805"
134,"pfghnipkmd","21","33007"
135,"p3cg7q7aje","33","25396"
136,"p3dhe9nm4p","34","15149"
137,"pqb4420cef","35","15778"
138,"pmo1m98t8t","20","22112"
139,"pdnlfv0hlq","27","26361"
140,"pc7b1bvors","31","9745"
141,"peb1ig0cu1","32","23961"
142,"pdes2vgc0e","25","11053"
143,"pj6ba4vf05","30","14679"
144,"pdh9s8a00b","31","8953"
145,"p9lnrnlsms","26","19989"
146,"p22t9djnso","56","18394"
147,"popno6qocv","38","21609"
148,"pumsid4bdn","37","13124"
149,"p5pla4fudv","25","17177"
150,"p8vndn27hi","30","11357"
151,"pg3kt868bu","31","10255"
152,"plv4iefs9s","51","18756"
153,"pisuflku9h","40","15771"
154,"phvnhhumf3","28","18995"
155,"pkd4jopsf3","24","7655"
156,"p43orfp102","32","16253"
157,"phkoe53d87","25","11819"
158,"p7nadkbl7t","27","11001"
159,"paa8i86so5","19","6345"
160,"pag2s2qvn1","22","13886"
161,"pdb48mjaam","60","22916"
162,"phja4u7e5q","30","13300"
163,"pqdm63n9np","49","19852"
164,"pgtj2romg3","44","13269"
165,"pnkoaqnfhp","14","11392"
166,"pf34dn3044","14","32467"
167,"pktgoj7obf","30","16411"
168,"pf21ntt7rd","20","8564"
169,"p33h6kmmjv","64","25305"
170,"psr7ph0mns","27","22902"
171,"pu7m5saf40","38","11522"
172,"plpduvto91","25","13810"
173,"ph8am4qfr8","32","26776"
174,"pn04o5bf0d","32","14416"
175,"p3qiq3cvs7","35","18549"
176,"phbo0m43bh","35","15154"
177,"p76regp4bm","20","14671"
178,"p871ada8ob","44","16869"
179,"psik40o7g5","17","15632"
180,"pd089crh0c","25","7332"
181,"piuhjt7i4q","17","13792"
182,"ptrrburgl2","26","10742"
183,"pqfqb0ljjr","29","13763"
184,"p1ittgop7n","25","10968"
185,"po0b5rqdhv","20","10507"
186,"pnkjrnatsa","31","10183"
187,"pc13qomof4","25","23632"
188,"p5jvrmiq1e","32","27625"
189,"p7eps5fav4","31","10880"
190,"paiktcpf03","25","11881"
191,"pi00aas8kh","62","22523"
192,"pkd5almter","31","8603"
193,"p1rrlo9kjr","34","8113"
194,"pvjvm8b9ov","19","9386"
195,"ppj489ksh5","31","9274"
196,"p6qhrsqnnr","30","7588"
197,"peoqph9qsg","24","7494"
198,"pg3423me4a","25","9997"
199,"pcdsba4mkp","26","15591"
200,"p0ig5mopcd","64","16634"
201,"peqcc6r3ae","24","12273"
202,"p94aq88cnr","30","12832"
203,"plesva8j5c","26","6608"
204,"prsil5372c","20","14715"
205,"pvvegj7hli","19","5876"
206,"pu36hqlrmj","22","12769"
207,"p7lhcqq138","32","16253"
208,"pk4b2i1d4t","28","14035"
209,"p2st1k79gc","40","18922"
210,"p5c535lsec","46","11738"
211,"p32avnb2n3","9","7897"
212,"psjjjloeaa","21","6581"
213,"p45hii6v71","29","11225"
214,"p84q3hi6dc","34","19466"
215,"p00e6a0jas","22","11529"
216,"p0qqkh5442","42","13943"
217,"p5gpnk9dic","20","8763"
218,"p7lvs1n9k2","22","23848"
219,"pf9n645ghj","28","14318"
220,"p7itj97935","26","10710"
221,"p96598u38r","24","10993"
222,"p54a9se3hs","28","12734"
223,"pn55e7hglu","13","14215"
224,"pivbs82pp8","10","13949"
225,"pm8vvg30lu","27","6511"
226,"prjk36nhsg","57","18209"
227,"pnlh6931qr","27","14349"
228,"pbbsr0k0et","64","23351"
229,"p3mhdvmmnv","31","19011"
230,"ptachhm3bi","27","9978"
231,"pj7elj33fb","24","11759"
232,"pphbdesb36","43","18644"
233,"p1lja2o35c","30","17674"
234,"p2a0j57skb","27","12985"
235,"poqo2653ru","23","12678"
236,"pdi0jkfpes","11","6854"
237,"p34g2f5l4r","25","17885"
238,"p110fc4ak7","62","22112"
239,"pnq0t6juif","35","12712"
240,"p875fo3qvg","40","26048"
241,"p7o6avebhl","12","4737"
242,"p4l2b7gj21","41","11453"
243,"p5jhkon19d","30","15058"
244,"pfppe02lr1","14","16976"
245,"pa3pjcd12u","29","14584"
246,"pbes0benml","35","12638"
247,"pb1cscoora","31","20571"
248,"p218nle8mh","38","13882"
249,"pntablbe56","17","15151"
250,"pmbthn6dul","32","11146"
251,"psngg50si7","27","13301"
252,"padodhgbto","25","27648"
253,"p5agqgh208","20","17315"
254,"puptiaujkq","32","10569"
255,"p34jmpo88f","30","17969"
256,"p81ap6chrj","28","15867"
257,"ppm91fc22j","12","9530"
258,"pu9r8qc1kc","37","12825"
259,"pt1kftc8lc","25","14087"
260,"pd227runam","28","13557"
261,"phrng5lt5g","24","13024"
262,"pjujc50mfv","34","9172"
263,"ptv5gvvnoa","23","17310"
264,"p2ebhkl02a","25","28918"
265,"pe19eu8f5j","28","17220"
266,"pv44cpe1h9","36","16197"
267,"p3hg26dqea","29","13368"
268,"ph4aksb45f","48","24350"
269,"pcgp3iji2a","33","16572"
270,"p3pafq2rf5","20","9776"
271,"p8ul2fmeei","36","9079"
272,"puv7bc69ft","30","10746"
273,"phbmbq04d5","17","30308"
274,"pm0mgcurkl","21","7405"
275,"p39i5o1brj","63","25146"
276,"pgl9cemrgp","25","25979"
277,"puc55nil0u","20","14790"
278,"p5gd6dj3r4","38","9644"
279,"pimmg48uv1","33","9260"
280,"prq3tdfnnb","32","16423"
281,"pm5h6dkknh","30","19908"
282,"poh7l11esu","16","14077"
283,"popmnak5pq","20","11441"
284,"pvse8fc08t","27","9766"
285,"p1mnhod90b","33","8454"
286,"pmrp7o68o6","30","20942"
287,"p1tp1lq0m6","26","10093"
288,"pk310v70o1","12","11068"
289,"ptfum7acli","25","19748"
290,"pbjia6u8ls","20","19330"
291,"p4d0thcgfe","37","12425"
292,"p25knhvsj4","19","8134"
293,"peb92s417h","25","9263"
294,"p96uclig9k","20","17809"
295,"pbcemmc84c","25","9168"
296,"pevs72fcse","33","13675"
297,"pd2d6nta56","64","22107"
298,"pjm4cvc9ti","15","17881"
299,"pn2rd6kiaj","34","15687"
300,"pikbh8p11n","64","27814"
301,"p0h1r83hh7","32","9830"
302,"p3qsvhiq2r","7","8860"
303,"pbg0ain4kb","49","13861"
304,"p7jujqdvd0","28","18071"
305,"pua0ii9p4k","27","20101"
306,"pu9llbv8l7","23","56411"
307,"plhe7o1oio","18","8627"
308,"piplmtivtm","27","11016"
309,"pup2pl8rt5","28","11958"
310,"ppcfdsa9or","32","17778"
311,"pri0hvupjg","28","13344"
312,"pif9spl72s","24","8401"
313,"p5bp8eq9n8","35","21703"
314,"pcgjn71sis","34","10602"
315,"ptvcnotetj","31","12173"
316,"pd6mivtjvq","27","7242"
317,"p2hthf58qu","26","11883"
318,"p9tm02k843","26","22566"
319,"pf3ne7haje","22","12642"
320,"pvp60obfoa","18","11912"
321,"po9cqcifpk","29","14776"
322,"p5o8svbnhq","31","20530"
323,"phul8cqcf4","42","26314"
324,"p6i054u70v","21","12715"
325,"p76ql4noif","30","12284"
326,"ptt8ovcot2","16","10355"
327,"p4kqt9gaa6","36","13433"
328,"pulq6nga8r","25","8211"
329,"p7a57kt96s","47","36306"
330,"pt90gtgs54","31","7580"
331,"pvtcdf8i38","25","21891"
332,"p7d0m87pkq","49","14164"
333,"pptrplovu7","42","15450"
334,"p3e2b3vfvo","24","10471"
335,"pb0pv404qg","31","9449"
336,"pqpvdcba9q","25","10302"
337,"p7ura0re2t","31","35073"
338,"pttqtn02ut","29","9297"
339,"pkk3lo9v4e","34","12313"
340,"ppk3iqmh0t","26","22626"
341,"p9c0rbdsnm","18","22106"
342,"prkdak12ij","33","11191"
343,"pfmr5sg42h","15","29146"
344,"p3uvr27l2d","20","8939"
345,"p4jtgatknu","25","18451"
346,"phbiuhbodu","14","7215"
347,"pj4agr4cbi","24","28624"
348,"p1rn7l58s4","8","7273"
349,"pdfs2s4tuv","36","11150"
350,"prigue3r0l","60","24133"
351,"pvmvk3ur5d","25","19774"
352,"p5f7um040a","30","13939"
353,"pb887s29pk","64","17572"
354,"p7gahpqpkj","37","42476"
355,"pdfk5dij3q","36","13398"
356,"pmku1p15aj","36","17956"
357,"p1qd74rpug","39","10015"
358,"pcmf5bdpvs","22","7877"
359,"po401f9o36","23","5843"
360,"pqv6q6idrs","29","30179"
361,"pns5doe91o","30","16748"
362,"p1l4dqjte2","22","12662"
363,"p83b1rghn9","32","42179"
364,"pfi6r8p08h","28","7433"
365,"ps17df6f7a","22","17427"
366,"pme0qnpl0j","29","30960"
367,"p3pj987k9q","25","9183"
368,"p3qafkl4t0","25","11243"
369,"pm8rdvj1tn","23","13761"
370,"p7k625ak4f","41","21971"
371,"p2r0dg082m","21","12440"
372,"pc66urv9r9","25","10767"
373,"pbtt1eqtld","36","14789"
374,"pif2njotsb","26","16992"
375,"pur9sqtj06","36","20046"
376,"p9mue6aht9","35","20241"
377,"pboa6ob573","64","26259"
378,"p085lk6lsa","18","15135"
379,"p5uku3kfe0","10","8284"
380,"p5qt4i8e34","10","13565"
381,"psenf964i3","28","19531"
382,"p7qc8llgs1","24","11681"
383,"plkh2mavui","35","12810"
384,"pkftjqo4bo","23","13020"
385,"p2ptpto6s5","32","13848"
386,"p9ersqcl1f","25","8341"
387,"pgemliimpk","25","14840"
388,"pr43a75b9b","23","8518"
389,"pun0tpvo4u","39","17943"
390,"pun0tpvo4u","39","17943"
391,"pun0tpvo4u","39","17943"
392,"pun0tpvo4u","39","17943"
393,"pun0tpvo4u","39","17943"
394,"pun0tpvo4u","39","17943"
395,"pun0tpvo4u","39","17943"
396,"pun0tpvo4u","39","17943"
397,"pv5bo4ccno","15","13815"
398,"p977uaho8b","29","20897"
399,"p2b32ppio1","29","7496"
400,"ptdtse6gag","40","27059"
401,"ph98tlb6q4","34","9195"
402,"p5ef9u14sb","22","6905"
403,"pl0htdvbrc","21","16922"
404,"pea4oha9vm","44","20742"
405,"pp19ncf91k","29","12114"
406,"pp19ncf91k","29","12114"
407,"pp19ncf91k","29","12114"
408,"pntsjk6ete","26","18605"
409,"pfgll3n1o2","32","16259"
410,"pcpbp823s4","34","9638"
411,"pj7cs33kdn","23","19462"
412,"ped7fncafs","21","8626"
413,"p58u2v4ccd","28","12821"
414,"pn7lq19f85","27","18141"
415,"pb2bdgl971","20","14388"
416,"p2bjanqvo7","24","17319"
417,"p0evvn3ut5","34","13932"
418,"p2521vbthn","61","35838"
419,"pd2gpvnm01","25","10361"
420,"pt7sshg3fh","48","19592"
421,"pqd8ou00qj","17","8488"
422,"pvn7s7cu0m","39","26934"
423,"ps3qmc4q9s","31","9419"
424,"pchsk1eqj8","19","16724"
425,"p412gih8pd","25","11600"
426,"pm6pg4bqjt","28","10824"
427,"pv20l5fgol","33","11386"
428,"pk82s6jfsm","25","13058"
429,"pdc1fbbvv7","34","11180"
430,"p714q4qa4f","27","11635"
431,"poa9a10rql","29","42346"
432,"pakhiuk0o7","32","22287"
433,"pdmvag9og5","20","30439"
434,"p09og45pgs","33","12732"
435,"p0lm91nst3","32","6637"
436,"phgodepple","30","7499"
437,"pgd7ppeh4f","38","36321"
438,"phfrauvddt","51","24911"
439,"plpn96tiv6","29","16438"
440,"pc7o4njlga","26","14280"
441,"pqtqojnaa8","30","15241"
442,"pp96pg3pmu","37","8578"
443,"pvifpj5bh7","31","11536"
444,"pe8ll3r0q7","11","6601"
445,"pgl419hdma","26","8894"
446,"p425m35pmq","25","26131"
447,"p5sslebg7r","41","25625"
448,"poerddee8j","29","19180"
449,"ptulfbgfih","54","26227"
450,"pb2m3v12ec","22","8888"
451,"puemkoirj1","20","11088"
452,"pk2igr4ecf","28","24111"
453,"pu9pm03pvi","21","6424"
454,"p2prkf50ev","32","19719"
455,"pti56j6djb","37","13383"
456,"pen5368pto","28","8798"
457,"p0gpi0a6v1","29","22630"
458,"pf4fm5lpr7","41","14667"
459,"p33irj0ffk","30","7384"
460,"pn5nbd5n3p","28","13093"
461,"phg9946oc4","23","28337"
462,"pm47ha3rkk","28","9538"
463,"pis13ir8r7","31","8893"
464,"p16mhgme64","26","16572"
465,"ppc9t9bm46","42","24802"
466,"pg7v0posp4","40","21620"
467,"pfngsl17d1","25","12551"
468,"p1vd7vcot2","27","8880"
469,"p7po8kel1s","32","9988"
470,"pdt3k4grkg","28","51508"
471,"p5mhsoucdd","28","10641"
472,"p2upcebb5o","31","9247"
473,"pi5rgi8v72","12","14686"
474,"p6e8aeahb6","35","33715"
475,"pu9louv4mb","32","15664"
476,"pbfltesp22","20","11001"
477,"pa02d22d6a","31","15883"
478,"p6u7vknqnq","31","65262"
479,"ppql5aa0sg","44","15941"
480,"pgkedk5gje","24","7184"
481,"pi1eakaefq","25","22274"
482,"po02mbu8v4","27","15610"
483,"pkg802didd","25","33825"
484,"p8no32nq3l","21","18093"
485,"pg01kgbfph","37","15309"
486,"pgroai2fuh","37","25004"
487,"pesfdcklu5","34","8158"
488,"p689f4befn","27","19037"
489,"pbi22mdfms","29","9123"
490,"pjlfp2imvb","56","12029"
491,"p3olj2a09c","26","16426"
492,"pnqkdqu7kv","39","10765"
493,"p734dm5r08","37","22356"
494,"p734dm5r08","37","22356"
495,"p734dm5r08","37","22356"
496,"pb9t1l9k53","37","27642"
497,"pg0pmfo7f0","34","18263"
498,"paoguq6fcd","26","16572"
499,"pm4u2t7mmf","14","16160"
500,"plce134lpv","15","13384"
501,"pm52ltv36t","23","25236"
502,"pr5n0cgvnu","18","16695"
503,"p0bkro3lta","36","9566"
504,"psqlvdg43l","18","6844"
505,"pgh17p2qbn","26","17057"
506,"p8rq4iafm7","34","8213"
507,"p9c4nokfri","28","10211"
508,"p13t0atj0c","24","14676"
509,"p7hs4jd3i8","29","21010"
510,"pj4ur7382c","29","18108"
511,"p2pna17uj1","25","12881"
512,"prp5hhhb70","25","23067"
513,"p63o0a4a79","25","12289"
514,"pdv2ibjejn","33","12659"
515,"po4rn86je3","30","20106"
516,"pab97ocin1","23","15561"
517,"pu8i3f92b0","34","19848"
518,"pallfgtgrl","39","18681"
519,"pk6tcg73ep","27","9922"
520,"pkv7chqkit","20","12840"
521,"p92g03gccd","63","18908"
522,"pf7j6ei79b","35","13207"
523,"p9v7ccrnne","29","8536"
524,"pcjof6k5g5","34","17757"
525,"ptjt5smlpu","63","47501"
526,"ptjt5smlpu","63","47501"
527,"p1o8rc2e6j","27","33397"
528,"pn65gj7s4h","20","7917"
529,"pfkuecu7ql","23","9760"
530,"p4mrjba97d","29","9099"
531,"pi6bvjdmnm","25","5954"
532,"ps4dtj5igo","24","7388"
533,"pqbo2uv9go","15","14948"
534,"pml2e33s8e","27","33985"
535,"pikhsb36p9","37","69679"
536,"ps28avdqr0","18","24324"
537,"pmmr6gnigr","39","21153"
538,"pah5p7uird","28","8528"
539,"pf9j7gd7d1","25","12556"
540,"plvkvp469u","26","6427"
541,"po4vv4dk36","34","11313"
542,"p4e9nuf6va","37","23948"
543,"pib2ugi7io","23","8132"
544,"pap7q8aa3i","25","6769"
545,"p95n5lgnk1","19","5517"
546,"p95n5lgnk1","19","5517"
547,"pm3cnmlu26","29","57597"
548,"ptjtofbv0r","26","6859"
549,"pkjq3adc7k","18","6974"
550,"ph2k6dcf0a","56","17631"
551,"p56qrq9h0j","34","49272"
552,"p4kk2m66ih","20","7416"
553,"p0ajipq59e","15","6892"
554,"plns93vs7o","24","13215"
555,"p6lagjme82","25","5944"
556,"p25blorhcf","50","183907"
557,"pl4n1g2k72","30","14927"
558,"p81rlmhdnb","26","22988"
559,"pk75htrdrl","15","12086"
560,"p34008bb8d","43","11231"
561,"p7kbkggfni","25","14566"
562,"pvk7tne5iu","25","18284"
563,"pa8nsrju5u","26","8585"
564,"p5pjd8l6r4","23","10803"
565,"pk2lrl22fm","43","17391"
566,"p0hq4vm27b","30","33025"
567,"pejiec4i3e","28","10800"
568,"pfvmn6joo2","55","27949"
569,"p5h8fcb5gi","17","17424"
570,"pl2htuius1","26","12298"
571,"pl2htuius1","26","12298"
572,"p11scti9ql","35","16211"
573,"pc2fdna9sj","29","15982"
574,"p7ki3vimvk","38","27604"
575,"p1v037flms","27","15060"
576,"p566pql2fb","43","83625"
577,"p2op1li7ge","45","10655"
578,"pv3l5i63ct","30","7442"
579,"ptsjf14rim","25","14908"
580,"pprkdp413c","23","9610"
581,"pn99nko5dn","30","56380"
582,"pj1760fu4c","30","17936"
583,"pmbb4ihaqq","28","17242"
584,"pa5olp1dbo","19","46800"
585,"pbco11eit4","34","18594"
586,"pdhbc9l5tn","28","27803"
587,"psrdl8aori","32","16140"
588,"ps18945kqv","22","9573"
589,"p3q3fkq30m","29","15925"
590,"pj4r8cvdtp","30","45500"
591,"phrtkamo3f","30","37719"
592,"p0mcj2vt8d","19","8417"
593,"p8ik2tbej0","32","17005"
594,"pc4pdiahcr","28","12013"
595,"plscdhacpo","25","18456"
596,"pou3s25ca6","21","24881"
597,"pqcolm7nku","25","9704"
598,"p3o147k232","27","11136"
599,"pd23q0fgte","19","11286"
600,"pu16lfsq3f","44","29568"
601,"pmbenial7q","26","8356"
602,"paclhntdh1","26","24849"
603,"p3vt1b3vca","30","26965"
604,"p7570t2ff2","29","20689"
605,"p04ui3j1q7","36","9329"
606,"paq2kafu1n","54","19510"
607,"p7gmau1mcf","19","6107"
608,"pqun4lc6ns","64","15474"
609,"puhvlqibhd","64","26804"
610,"plsjqbpirl","16","9624"
611,"p432838i76","25","13318"
612,"pqbmp1svmo","24","8883"
613,"pg6j97a0sq","36","10407"
614,"pqtlp31nrj","37","9732"
615,"psdf2gfqu8","31","10530"
616,"p98fpfcnb4","27","19503"
617,"pi1sdprr1i","30","21221"
618,"pqalrlsbvk","25","10422"
619,"p5p6mjstr7","30","11289"
620,"pop9g8irlg","45","35388"
621,"pt9l8b5q5k","34","10173"
622,"p700des83a","30","9797"
623,"pbojb1queb","26","13925"
624,"phah58s55i","32","31514"
625,"pkabshp1ui","64","37496"
626,"pmlq0r2ik4","37","38537"
627,"pu83bckhgb","23","9918"
628,"prkebjesm6","19","9913"
629,"pqpc74uav4","20","14715"
630,"p5cnnpklm4","19","19137"
631,"pnqtg97b9m","24","7899"
632,"p15804ujqf","32","27206"
633,"pvnfka380e","40","16860"
634,"p6pl41t848","20","7910"
635,"pphqf8mdu1","33","21314"
636,"pv8t0tgtp6","17","11896"
637,"pb0ma36n3b","30","16659"
638,"pj20htic1l","64","48665"
639,"pdj0bf7emh","26","9768"
640,"pjhj0668a3","39","10402"
641,"p1rb89gffh","25","26930"
642,"pvnaem4369","20","10585"
643,"p8a9mskqna","12","4804"
644,"ppnqdk6dl2","13","5073"
645,"p626941p7g","28","14255"
646,"pijp53cd5t","32","11157"
647,"pbeiqan84l","50","25683"
648,"pqdlmj9p6q","27","15343"
649,"pslauj167o","20","9584"
650,"p9149gqh2m","19","8724"
651,"p4enb4d7f3","19","16194"
652,"pjf0u4cjc1","26","7892"
653,"pj0v6fjsgs","33","36301"
654,"p4sjeoeibp","56","23247"
655,"phdvocqtdh","26","35671"
656,"pl8g479c6u","28","9745"
657,"p9lpn5p0ki","34","26332"
658,"pm7t55ktr5","36","17263"
659,"pcv3124ion","26","12449"
660,"p40cfmlag1","30","5783"
661,"po3mfhkndv","46","13324"
662,"ppnpjt6crj","20","10549"
663,"p87cpp7u2c","30","9955"
664,"pmp32ppshu","46","13554"
665,"pm4fegvie9","25","35185"
666,"ph6r2htltu","61","20997"
667,"pf81lmfh56","32","12611"
668,"pio6r28ti6","30","8889"
669,"pta6ef8taf","63","89163"
670,"pn9ca295d0","24","6813"
671,"pfakkf3lof","24","15493"
672,"p8ukfi8ilj","20","6911"
